{
  "type": "FeatureCollection",
  "city": "Surat",
  "features": [
    {
      "type": "Feature",
      "geometry": {
        "type": "Polygon",
        "coordinates": [
          [
            [
              72.8212,
              21.159100000000002
            ],
            [
              72.82135000000001,
              21.159100000000002
            ],
            [
              72.82135000000001,
              21.159250000000004
            ],
            [
              72.8212,
              21.159250000000004
            ],
            [
              72.8212,
              21.159100000000002
            ]
          ]
        ]
      },
      "properties": {
        "BuildingId": "OB_SUR_00001",
        "RoofAreaSquareMeters": 64.0,
        "BuildingHeightMeters": 10.0,
        "Storeys": 3,
        "Confidence": 0.75
      }
    },
    {
      "type": "Feature",
      "geometry": {
        "type": "Polygon",
        "coordinates": [
          [
            [
              72.8263,
              21.163
            ],
            [
              72.82645000000001,
              21.163
            ],
            [
              72.82645000000001,
              21.16315
            ],
            [
              72.8263,
              21.16315
            ],
            [
              72.8263,
              21.163
            ]
          ]
        ]
      },
      "properties": {
        "BuildingId": "OB_SUR_00002",
        "RoofAreaSquareMeters": 93.0,
        "BuildingHeightMeters": 17.0,
        "Storeys": 5,
        "Confidence": 0.78
      }
    },
    {
      "type": "Feature",
      "geometry": {
        "type": "Polygon",
        "coordinates": [
          [
            [
              72.8314,
              21.166900000000002
            ],
            [
              72.83155000000001,
              21.166900000000002
            ],
            [
              72.83155000000001,
              21.167050000000003
            ],
            [
              72.8314,
              21.167050000000003
            ],
            [
              72.8314,
              21.166900000000002
            ]
          ]
        ]
      },
      "properties": {
        "BuildingId": "OB_SUR_00003",
        "RoofAreaSquareMeters": 122.0,
        "BuildingHeightMeters": 8.0,
        "Storeys": 2,
        "Confidence": 0.81
      }
    },
    {
      "type": "Feature",
      "geometry": {
        "type": "Polygon",
        "coordinates": [
          [
            [
              72.8365,
              21.1708
            ],
            [
              72.83665,
              21.1708
            ],
            [
              72.83665,
              21.17095
            ],
            [
              72.8365,
              21.17095
            ],
            [
              72.8365,
              21.1708
            ]
          ]
        ]
      },
      "properties": {
        "BuildingId": "OB_SUR_00004",
        "RoofAreaSquareMeters": 151.0,
        "BuildingHeightMeters": 15.0,
        "Storeys": 4,
        "Confidence": 0.84
      }
    },
    {
      "type": "Feature",
      "geometry": {
        "type": "Polygon",
        "coordinates": [
          [
            [
              72.8416,
              21.1747
            ],
            [
              72.84175,
              21.1747
            ],
            [
              72.84175,
              21.174850000000003
            ],
            [
              72.8416,
              21.174850000000003
            ],
            [
              72.8416,
              21.1747
            ]
          ]
        ]
      },
      "properties": {
        "BuildingId": "OB_SUR_00005",
        "RoofAreaSquareMeters": 180.0,
        "BuildingHeightMeters": 6.0,
        "Storeys": 1,
        "Confidence": 0.87
      }
    },
    {
      "type": "Feature",
      "geometry": {
        "type": "Polygon",
        "coordinates": [
          [
            [
              72.81670000000001,
              21.178600000000003
            ],
            [
              72.81685000000002,
              21.178600000000003
            ],
            [
              72.81685000000002,
              21.178750000000004
            ],
            [
              72.81670000000001,
              21.178750000000004
            ],
            [
              72.81670000000001,
              21.178600000000003
            ]
          ]
        ]
      },
      "properties": {
        "BuildingId": "OB_SUR_00006",
        "RoofAreaSquareMeters": 209.0,
        "BuildingHeightMeters": 13.0,
        "Storeys": 4,
        "Confidence": 0.9
      }
    },
    {
      "type": "Feature",
      "geometry": {
        "type": "Polygon",
        "coordinates": [
          [
            [
              72.82180000000001,
              21.1825
            ],
            [
              72.82195000000002,
              21.1825
            ],
            [
              72.82195000000002,
              21.182650000000002
            ],
            [
              72.82180000000001,
              21.182650000000002
            ],
            [
              72.82180000000001,
              21.1825
            ]
          ]
        ]
      },
      "properties": {
        "BuildingId": "OB_SUR_00007",
        "RoofAreaSquareMeters": 238.0,
        "BuildingHeightMeters": 4.0,
        "Storeys": 1,
        "Confidence": 0.93
      }
    },
    {
      "type": "Feature",
      "geometry": {
        "type": "Polygon",
        "coordinates": [
          [
            [
              72.82690000000001,
              21.1564
            ],
            [
              72.82705000000001,
              21.1564
            ],
            [
              72.82705000000001,
              21.156550000000003
            ],
            [
              72.82690000000001,
              21.156550000000003
            ],
            [
              72.82690000000001,
              21.1564
            ]
          ]
        ]
      },
      "properties": {
        "BuildingId": "OB_SUR_00008",
        "RoofAreaSquareMeters": 267.0,
        "BuildingHeightMeters": 11.0,
        "Storeys": 3,
        "Confidence": 0.96
      }
    },
    {
      "type": "Feature",
      "geometry": {
        "type": "Polygon",
        "coordinates": [
          [
            [
              72.83200000000001,
              21.160300000000003
            ],
            [
              72.83215000000001,
              21.160300000000003
            ],
            [
              72.83215000000001,
              21.160450000000004
            ],
            [
              72.83200000000001,
              21.160450000000004
            ],
            [
              72.83200000000001,
              21.160300000000003
            ]
          ]
        ]
      },
      "properties": {
        "BuildingId": "OB_SUR_00009",
        "RoofAreaSquareMeters": 296.0,
        "BuildingHeightMeters": 18.0,
        "Storeys": 5,
        "Confidence": 0.74
      }
    },
    {
      "type": "Feature",
      "geometry": {
        "type": "Polygon",
        "coordinates": [
          [
            [
              72.8371,
              21.1642
            ],
            [
              72.83725000000001,
              21.1642
            ],
            [
              72.83725000000001,
              21.164350000000002
            ],
            [
              72.8371,
              21.164350000000002
            ],
            [
              72.8371,
              21.1642
            ]
          ]
        ]
      },
      "properties": {
        "BuildingId": "OB_SUR_00010",
        "RoofAreaSquareMeters": 325.0,
        "BuildingHeightMeters": 9.0,
        "Storeys": 2,
        "Confidence": 0.77
      }
    },
    {
      "type": "Feature",
      "geometry": {
        "type": "Polygon",
        "coordinates": [
          [
            [
              72.8422,
              21.168100000000003
            ],
            [
              72.84235000000001,
              21.168100000000003
            ],
            [
              72.84235000000001,
              21.168250000000004
            ],
            [
              72.8422,
              21.168250000000004
            ],
            [
              72.8422,
              21.168100000000003
            ]
          ]
        ]
      },
      "properties": {
        "BuildingId": "OB_SUR_00011",
        "RoofAreaSquareMeters": 354.0,
        "BuildingHeightMeters": 16.0,
        "Storeys": 4,
        "Confidence": 0.8
      }
    },
    {
      "type": "Feature",
      "geometry": {
        "type": "Polygon",
        "coordinates": [
          [
            [
              72.8173,
              21.172
            ],
            [
              72.81745000000001,
              21.172
            ],
            [
              72.81745000000001,
              21.172150000000002
            ],
            [
              72.8173,
              21.172150000000002
            ],
            [
              72.8173,
              21.172
            ]
          ]
        ]
      },
      "properties": {
        "BuildingId": "OB_SUR_00012",
        "RoofAreaSquareMeters": 383.0,
        "BuildingHeightMeters": 7.0,
        "Storeys": 2,
        "Confidence": 0.83
      }
    },
    {
      "type": "Feature",
      "geometry": {
        "type": "Polygon",
        "coordinates": [
          [
            [
              72.8224,
              21.175900000000002
            ],
            [
              72.82255,
              21.175900000000002
            ],
            [
              72.82255,
              21.176050000000004
            ],
            [
              72.8224,
              21.176050000000004
            ],
            [
              72.8224,
              21.175900000000002
            ]
          ]
        ]
      },
      "properties": {
        "BuildingId": "OB_SUR_00013",
        "RoofAreaSquareMeters": 412.0,
        "BuildingHeightMeters": 14.0,
        "Storeys": 4,
        "Confidence": 0.86
      }
    },
    {
      "type": "Feature",
      "geometry": {
        "type": "Polygon",
        "coordinates": [
          [
            [
              72.8275,
              21.1798
            ],
            [
              72.82765,
              21.1798
            ],
            [
              72.82765,
              21.17995
            ],
            [
              72.8275,
              21.17995
            ],
            [
              72.8275,
              21.1798
            ]
          ]
        ]
      },
      "properties": {
        "BuildingId": "OB_SUR_00014",
        "RoofAreaSquareMeters": 441.0,
        "BuildingHeightMeters": 5.0,
        "Storeys": 1,
        "Confidence": 0.89
      }
    },
    {
      "type": "Feature",
      "geometry": {
        "type": "Polygon",
        "coordinates": [
          [
            [
              72.8326,
              21.1837
            ],
            [
              72.83275,
              21.1837
            ],
            [
              72.83275,
              21.183850000000003
            ],
            [
              72.8326,
              21.183850000000003
            ],
            [
              72.8326,
              21.1837
            ]
          ]
        ]
      },
      "properties": {
        "BuildingId": "OB_SUR_00015",
        "RoofAreaSquareMeters": 470.0,
        "BuildingHeightMeters": 12.0,
        "Storeys": 3,
        "Confidence": 0.92
      }
    },
    {
      "type": "Feature",
      "geometry": {
        "type": "Polygon",
        "coordinates": [
          [
            [
              72.83770000000001,
              21.157600000000002
            ],
            [
              72.83785000000002,
              21.157600000000002
            ],
            [
              72.83785000000002,
              21.157750000000004
            ],
            [
              72.83770000000001,
              21.157750000000004
            ],
            [
              72.83770000000001,
              21.157600000000002
            ]
          ]
        ]
      },
      "properties": {
        "BuildingId": "OB_SUR_00016",
        "RoofAreaSquareMeters": 499.0,
        "BuildingHeightMeters": 3.0,
        "Storeys": 1,
        "Confidence": 0.95
      }
    },
    {
      "type": "Feature",
      "geometry": {
        "type": "Polygon",
        "coordinates": [
          [
            [
              72.84280000000001,
              21.1615
            ],
            [
              72.84295000000002,
              21.1615
            ],
            [
              72.84295000000002,
              21.16165
            ],
            [
              72.84280000000001,
              21.16165
            ],
            [
              72.84280000000001,
              21.1615
            ]
          ]
        ]
      },
      "properties": {
        "BuildingId": "OB_SUR_00017",
        "RoofAreaSquareMeters": 528.0,
        "BuildingHeightMeters": 10.0,
        "Storeys": 3,
        "Confidence": 0.73
      }
    },
    {
      "type": "Feature",
      "geometry": {
        "type": "Polygon",
        "coordinates": [
          [
            [
              72.81790000000001,
              21.1654
            ],
            [
              72.81805000000001,
              21.1654
            ],
            [
              72.81805000000001,
              21.165550000000003
            ],
            [
              72.81790000000001,
              21.165550000000003
            ],
            [
              72.81790000000001,
              21.1654
            ]
          ]
        ]
      },
      "properties": {
        "BuildingId": "OB_SUR_00018",
        "RoofAreaSquareMeters": 557.0,
        "BuildingHeightMeters": 17.0,
        "Storeys": 5,
        "Confidence": 0.76
      }
    },
    {
      "type": "Feature",
      "geometry": {
        "type": "Polygon",
        "coordinates": [
          [
            [
              72.82300000000001,
              21.1693
            ],
            [
              72.82315000000001,
              21.1693
            ],
            [
              72.82315000000001,
              21.16945
            ],
            [
              72.82300000000001,
              21.16945
            ],
            [
              72.82300000000001,
              21.1693
            ]
          ]
        ]
      },
      "properties": {
        "BuildingId": "OB_SUR_00019",
        "RoofAreaSquareMeters": 36.0,
        "BuildingHeightMeters": 8.0,
        "Storeys": 2,
        "Confidence": 0.79
      }
    },
    {
      "type": "Feature",
      "geometry": {
        "type": "Polygon",
        "coordinates": [
          [
            [
              72.8281,
              21.1732
            ],
            [
              72.82825000000001,
              21.1732
            ],
            [
              72.82825000000001,
              21.173350000000003
            ],
            [
              72.8281,
              21.173350000000003
            ],
            [
              72.8281,
              21.1732
            ]
          ]
        ]
      },
      "properties": {
        "BuildingId": "OB_SUR_00020",
        "RoofAreaSquareMeters": 65.0,
        "BuildingHeightMeters": 15.0,
        "Storeys": 4,
        "Confidence": 0.82
      }
    },
    {
      "type": "Feature",
      "geometry": {
        "type": "Polygon",
        "coordinates": [
          [
            [
              72.8332,
              21.177100000000003
            ],
            [
              72.83335000000001,
              21.177100000000003
            ],
            [
              72.83335000000001,
              21.177250000000004
            ],
            [
              72.8332,
              21.177250000000004
            ],
            [
              72.8332,
              21.177100000000003
            ]
          ]
        ]
      },
      "properties": {
        "BuildingId": "OB_SUR_00021",
        "RoofAreaSquareMeters": 94.0,
        "BuildingHeightMeters": 6.0,
        "Storeys": 1,
        "Confidence": 0.85
      }
    },
    {
      "type": "Feature",
      "geometry": {
        "type": "Polygon",
        "coordinates": [
          [
            [
              72.8383,
              21.181
            ],
            [
              72.83845000000001,
              21.181
            ],
            [
              72.83845000000001,
              21.181150000000002
            ],
            [
              72.8383,
              21.181150000000002
            ],
            [
              72.8383,
              21.181
            ]
          ]
        ]
      },
      "properties": {
        "BuildingId": "OB_SUR_00022",
        "RoofAreaSquareMeters": 123.0,
        "BuildingHeightMeters": 13.0,
        "Storeys": 4,
        "Confidence": 0.88
      }
    },
    {
      "type": "Feature",
      "geometry": {
        "type": "Polygon",
        "coordinates": [
          [
            [
              72.8434,
              21.184900000000003
            ],
            [
              72.84355000000001,
              21.184900000000003
            ],
            [
              72.84355000000001,
              21.185050000000004
            ],
            [
              72.8434,
              21.185050000000004
            ],
            [
              72.8434,
              21.184900000000003
            ]
          ]
        ]
      },
      "properties": {
        "BuildingId": "OB_SUR_00023",
        "RoofAreaSquareMeters": 152.0,
        "BuildingHeightMeters": 4.0,
        "Storeys": 1,
        "Confidence": 0.91
      }
    },
    {
      "type": "Feature",
      "geometry": {
        "type": "Polygon",
        "coordinates": [
          [
            [
              72.8185,
              21.158800000000003
            ],
            [
              72.81865,
              21.158800000000003
            ],
            [
              72.81865,
              21.158950000000004
            ],
            [
              72.8185,
              21.158950000000004
            ],
            [
              72.8185,
              21.158800000000003
            ]
          ]
        ]
      },
      "properties": {
        "BuildingId": "OB_SUR_00024",
        "RoofAreaSquareMeters": 181.0,
        "BuildingHeightMeters": 11.0,
        "Storeys": 3,
        "Confidence": 0.94
      }
    },
    {
      "type": "Feature",
      "geometry": {
        "type": "Polygon",
        "coordinates": [
          [
            [
              72.82360000000001,
              21.1627
            ],
            [
              72.82375000000002,
              21.1627
            ],
            [
              72.82375000000002,
              21.162850000000002
            ],
            [
              72.82360000000001,
              21.162850000000002
            ],
            [
              72.82360000000001,
              21.1627
            ]
          ]
        ]
      },
      "properties": {
        "BuildingId": "OB_SUR_00025",
        "RoofAreaSquareMeters": 210.0,
        "BuildingHeightMeters": 18.0,
        "Storeys": 5,
        "Confidence": 0.72
      }
    },
    {
      "type": "Feature",
      "geometry": {
        "type": "Polygon",
        "coordinates": [
          [
            [
              72.82870000000001,
              21.166600000000003
            ],
            [
              72.82885000000002,
              21.166600000000003
            ],
            [
              72.82885000000002,
              21.166750000000004
            ],
            [
              72.82870000000001,
              21.166750000000004
            ],
            [
              72.82870000000001,
              21.166600000000003
            ]
          ]
        ]
      },
      "properties": {
        "BuildingId": "OB_SUR_00026",
        "RoofAreaSquareMeters": 239.0,
        "BuildingHeightMeters": 9.0,
        "Storeys": 2,
        "Confidence": 0.75
      }
    },
    {
      "type": "Feature",
      "geometry": {
        "type": "Polygon",
        "coordinates": [
          [
            [
              72.83380000000001,
              21.1705
            ],
            [
              72.83395000000002,
              21.1705
            ],
            [
              72.83395000000002,
              21.170650000000002
            ],
            [
              72.83380000000001,
              21.170650000000002
            ],
            [
              72.83380000000001,
              21.1705
            ]
          ]
        ]
      },
      "properties": {
        "BuildingId": "OB_SUR_00027",
        "RoofAreaSquareMeters": 268.0,
        "BuildingHeightMeters": 16.0,
        "Storeys": 4,
        "Confidence": 0.78
      }
    },
    {
      "type": "Feature",
      "geometry": {
        "type": "Polygon",
        "coordinates": [
          [
            [
              72.83890000000001,
              21.174400000000002
            ],
            [
              72.83905000000001,
              21.174400000000002
            ],
            [
              72.83905000000001,
              21.174550000000004
            ],
            [
              72.83890000000001,
              21.174550000000004
            ],
            [
              72.83890000000001,
              21.174400000000002
            ]
          ]
        ]
      },
      "properties": {
        "BuildingId": "OB_SUR_00028",
        "RoofAreaSquareMeters": 297.0,
        "BuildingHeightMeters": 7.0,
        "Storeys": 2,
        "Confidence": 0.81
      }
    },
    {
      "type": "Feature",
      "geometry": {
        "type": "Polygon",
        "coordinates": [
          [
            [
              72.84400000000001,
              21.1783
            ],
            [
              72.84415000000001,
              21.1783
            ],
            [
              72.84415000000001,
              21.17845
            ],
            [
              72.84400000000001,
              21.17845
            ],
            [
              72.84400000000001,
              21.1783
            ]
          ]
        ]
      },
      "properties": {
        "BuildingId": "OB_SUR_00029",
        "RoofAreaSquareMeters": 326.0,
        "BuildingHeightMeters": 14.0,
        "Storeys": 4,
        "Confidence": 0.84
      }
    },
    {
      "type": "Feature",
      "geometry": {
        "type": "Polygon",
        "coordinates": [
          [
            [
              72.8191,
              21.1822
            ],
            [
              72.81925000000001,
              21.1822
            ],
            [
              72.81925000000001,
              21.182350000000003
            ],
            [
              72.8191,
              21.182350000000003
            ],
            [
              72.8191,
              21.1822
            ]
          ]
        ]
      },
      "properties": {
        "BuildingId": "OB_SUR_00030",
        "RoofAreaSquareMeters": 355.0,
        "BuildingHeightMeters": 5.0,
        "Storeys": 1,
        "Confidence": 0.87
      }
    },
    {
      "type": "Feature",
      "geometry": {
        "type": "Polygon",
        "coordinates": [
          [
            [
              72.8242,
              21.156100000000002
            ],
            [
              72.82435000000001,
              21.156100000000002
            ],
            [
              72.82435000000001,
              21.156250000000004
            ],
            [
              72.8242,
              21.156250000000004
            ],
            [
              72.8242,
              21.156100000000002
            ]
          ]
        ]
      },
      "properties": {
        "BuildingId": "OB_SUR_00031",
        "RoofAreaSquareMeters": 384.0,
        "BuildingHeightMeters": 12.0,
        "Storeys": 3,
        "Confidence": 0.9
      }
    },
    {
      "type": "Feature",
      "geometry": {
        "type": "Polygon",
        "coordinates": [
          [
            [
              72.8293,
              21.16
            ],
            [
              72.82945000000001,
              21.16
            ],
            [
              72.82945000000001,
              21.16015
            ],
            [
              72.8293,
              21.16015
            ],
            [
              72.8293,
              21.16
            ]
          ]
        ]
      },
      "properties": {
        "BuildingId": "OB_SUR_00032",
        "RoofAreaSquareMeters": 413.0,
        "BuildingHeightMeters": 3.0,
        "Storeys": 1,
        "Confidence": 0.93
      }
    },
    {
      "type": "Feature",
      "geometry": {
        "type": "Polygon",
        "coordinates": [
          [
            [
              72.8344,
              21.1639
            ],
            [
              72.83455000000001,
              21.1639
            ],
            [
              72.83455000000001,
              21.164050000000003
            ],
            [
              72.8344,
              21.164050000000003
            ],
            [
              72.8344,
              21.1639
            ]
          ]
        ]
      },
      "properties": {
        "BuildingId": "OB_SUR_00033",
        "RoofAreaSquareMeters": 442.0,
        "BuildingHeightMeters": 10.0,
        "Storeys": 3,
        "Confidence": 0.96
      }
    },
    {
      "type": "Feature",
      "geometry": {
        "type": "Polygon",
        "coordinates": [
          [
            [
              72.8395,
              21.1678
            ],
            [
              72.83965,
              21.1678
            ],
            [
              72.83965,
              21.16795
            ],
            [
              72.8395,
              21.16795
            ],
            [
              72.8395,
              21.1678
            ]
          ]
        ]
      },
      "properties": {
        "BuildingId": "OB_SUR_00034",
        "RoofAreaSquareMeters": 471.0,
        "BuildingHeightMeters": 17.0,
        "Storeys": 5,
        "Confidence": 0.74
      }
    },
    {
      "type": "Feature",
      "geometry": {
        "type": "Polygon",
        "coordinates": [
          [
            [
              72.8446,
              21.1717
            ],
            [
              72.84475,
              21.1717
            ],
            [
              72.84475,
              21.171850000000003
            ],
            [
              72.8446,
              21.171850000000003
            ],
            [
              72.8446,
              21.1717
            ]
          ]
        ]
      },
      "properties": {
        "BuildingId": "OB_SUR_00035",
        "RoofAreaSquareMeters": 500.0,
        "BuildingHeightMeters": 8.0,
        "Storeys": 2,
        "Confidence": 0.77
      }
    },
    {
      "type": "Feature",
      "geometry": {
        "type": "Polygon",
        "coordinates": [
          [
            [
              72.81970000000001,
              21.175600000000003
            ],
            [
              72.81985000000002,
              21.175600000000003
            ],
            [
              72.81985000000002,
              21.175750000000004
            ],
            [
              72.81970000000001,
              21.175750000000004
            ],
            [
              72.81970000000001,
              21.175600000000003
            ]
          ]
        ]
      },
      "properties": {
        "BuildingId": "OB_SUR_00036",
        "RoofAreaSquareMeters": 529.0,
        "BuildingHeightMeters": 15.0,
        "Storeys": 4,
        "Confidence": 0.8
      }
    },
    {
      "type": "Feature",
      "geometry": {
        "type": "Polygon",
        "coordinates": [
          [
            [
              72.82480000000001,
              21.1795
            ],
            [
              72.82495000000002,
              21.1795
            ],
            [
              72.82495000000002,
              21.179650000000002
            ],
            [
              72.82480000000001,
              21.179650000000002
            ],
            [
              72.82480000000001,
              21.1795
            ]
          ]
        ]
      },
      "properties": {
        "BuildingId": "OB_SUR_00037",
        "RoofAreaSquareMeters": 558.0,
        "BuildingHeightMeters": 6.0,
        "Storeys": 1,
        "Confidence": 0.83
      }
    },
    {
      "type": "Feature",
      "geometry": {
        "type": "Polygon",
        "coordinates": [
          [
            [
              72.82990000000001,
              21.183400000000002
            ],
            [
              72.83005000000001,
              21.183400000000002
            ],
            [
              72.83005000000001,
              21.183550000000004
            ],
            [
              72.82990000000001,
              21.183550000000004
            ],
            [
              72.82990000000001,
              21.183400000000002
            ]
          ]
        ]
      },
      "properties": {
        "BuildingId": "OB_SUR_00038",
        "RoofAreaSquareMeters": 37.0,
        "BuildingHeightMeters": 13.0,
        "Storeys": 4,
        "Confidence": 0.86
      }
    },
    {
      "type": "Feature",
      "geometry": {
        "type": "Polygon",
        "coordinates": [
          [
            [
              72.83500000000001,
              21.157300000000003
            ],
            [
              72.83515000000001,
              21.157300000000003
            ],
            [
              72.83515000000001,
              21.157450000000004
            ],
            [
              72.83500000000001,
              21.157450000000004
            ],
            [
              72.83500000000001,
              21.157300000000003
            ]
          ]
        ]
      },
      "properties": {
        "BuildingId": "OB_SUR_00039",
        "RoofAreaSquareMeters": 66.0,
        "BuildingHeightMeters": 4.0,
        "Storeys": 1,
        "Confidence": 0.89
      }
    },
    {
      "type": "Feature",
      "geometry": {
        "type": "Polygon",
        "coordinates": [
          [
            [
              72.8401,
              21.1612
            ],
            [
              72.84025000000001,
              21.1612
            ],
            [
              72.84025000000001,
              21.161350000000002
            ],
            [
              72.8401,
              21.161350000000002
            ],
            [
              72.8401,
              21.1612
            ]
          ]
        ]
      },
      "properties": {
        "BuildingId": "OB_SUR_00040",
        "RoofAreaSquareMeters": 95.0,
        "BuildingHeightMeters": 11.0,
        "Storeys": 3,
        "Confidence": 0.92
      }
    },
    {
      "type": "Feature",
      "geometry": {
        "type": "Polygon",
        "coordinates": [
          [
            [
              72.8452,
              21.165100000000002
            ],
            [
              72.84535000000001,
              21.165100000000002
            ],
            [
              72.84535000000001,
              21.165250000000004
            ],
            [
              72.8452,
              21.165250000000004
            ],
            [
              72.8452,
              21.165100000000002
            ]
          ]
        ]
      },
      "properties": {
        "BuildingId": "OB_SUR_00041",
        "RoofAreaSquareMeters": 124.0,
        "BuildingHeightMeters": 18.0,
        "Storeys": 5,
        "Confidence": 0.95
      }
    },
    {
      "type": "Feature",
      "geometry": {
        "type": "Polygon",
        "coordinates": [
          [
            [
              72.8203,
              21.169
            ],
            [
              72.82045000000001,
              21.169
            ],
            [
              72.82045000000001,
              21.169150000000002
            ],
            [
              72.8203,
              21.169150000000002
            ],
            [
              72.8203,
              21.169
            ]
          ]
        ]
      },
      "properties": {
        "BuildingId": "OB_SUR_00042",
        "RoofAreaSquareMeters": 153.0,
        "BuildingHeightMeters": 9.0,
        "Storeys": 2,
        "Confidence": 0.73
      }
    },
    {
      "type": "Feature",
      "geometry": {
        "type": "Polygon",
        "coordinates": [
          [
            [
              72.8254,
              21.172900000000002
            ],
            [
              72.82555,
              21.172900000000002
            ],
            [
              72.82555,
              21.173050000000003
            ],
            [
              72.8254,
              21.173050000000003
            ],
            [
              72.8254,
              21.172900000000002
            ]
          ]
        ]
      },
      "properties": {
        "BuildingId": "OB_SUR_00043",
        "RoofAreaSquareMeters": 182.0,
        "BuildingHeightMeters": 16.0,
        "Storeys": 4,
        "Confidence": 0.76
      }
    },
    {
      "type": "Feature",
      "geometry": {
        "type": "Polygon",
        "coordinates": [
          [
            [
              72.8305,
              21.1768
            ],
            [
              72.83065,
              21.1768
            ],
            [
              72.83065,
              21.17695
            ],
            [
              72.8305,
              21.17695
            ],
            [
              72.8305,
              21.1768
            ]
          ]
        ]
      },
      "properties": {
        "BuildingId": "OB_SUR_00044",
        "RoofAreaSquareMeters": 211.0,
        "BuildingHeightMeters": 7.0,
        "Storeys": 2,
        "Confidence": 0.79
      }
    },
    {
      "type": "Feature",
      "geometry": {
        "type": "Polygon",
        "coordinates": [
          [
            [
              72.8356,
              21.1807
            ],
            [
              72.83575,
              21.1807
            ],
            [
              72.83575,
              21.180850000000003
            ],
            [
              72.8356,
              21.180850000000003
            ],
            [
              72.8356,
              21.1807
            ]
          ]
        ]
      },
      "properties": {
        "BuildingId": "OB_SUR_00045",
        "RoofAreaSquareMeters": 240.0,
        "BuildingHeightMeters": 14.0,
        "Storeys": 4,
        "Confidence": 0.82
      }
    },
    {
      "type": "Feature",
      "geometry": {
        "type": "Polygon",
        "coordinates": [
          [
            [
              72.84070000000001,
              21.1846
            ],
            [
              72.84085000000002,
              21.1846
            ],
            [
              72.84085000000002,
              21.18475
            ],
            [
              72.84070000000001,
              21.18475
            ],
            [
              72.84070000000001,
              21.1846
            ]
          ]
        ]
      },
      "properties": {
        "BuildingId": "OB_SUR_00046",
        "RoofAreaSquareMeters": 269.0,
        "BuildingHeightMeters": 5.0,
        "Storeys": 1,
        "Confidence": 0.85
      }
    },
    {
      "type": "Feature",
      "geometry": {
        "type": "Polygon",
        "coordinates": [
          [
            [
              72.84580000000001,
              21.1585
            ],
            [
              72.84595000000002,
              21.1585
            ],
            [
              72.84595000000002,
              21.15865
            ],
            [
              72.84580000000001,
              21.15865
            ],
            [
              72.84580000000001,
              21.1585
            ]
          ]
        ]
      },
      "properties": {
        "BuildingId": "OB_SUR_00047",
        "RoofAreaSquareMeters": 298.0,
        "BuildingHeightMeters": 12.0,
        "Storeys": 3,
        "Confidence": 0.88
      }
    },
    {
      "type": "Feature",
      "geometry": {
        "type": "Polygon",
        "coordinates": [
          [
            [
              72.82090000000001,
              21.1624
            ],
            [
              72.82105000000001,
              21.1624
            ],
            [
              72.82105000000001,
              21.162550000000003
            ],
            [
              72.82090000000001,
              21.162550000000003
            ],
            [
              72.82090000000001,
              21.1624
            ]
          ]
        ]
      },
      "properties": {
        "BuildingId": "OB_SUR_00048",
        "RoofAreaSquareMeters": 327.0,
        "BuildingHeightMeters": 3.0,
        "Storeys": 1,
        "Confidence": 0.91
      }
    },
    {
      "type": "Feature",
      "geometry": {
        "type": "Polygon",
        "coordinates": [
          [
            [
              72.82600000000001,
              21.1663
            ],
            [
              72.82615000000001,
              21.1663
            ],
            [
              72.82615000000001,
              21.16645
            ],
            [
              72.82600000000001,
              21.16645
            ],
            [
              72.82600000000001,
              21.1663
            ]
          ]
        ]
      },
      "properties": {
        "BuildingId": "OB_SUR_00049",
        "RoofAreaSquareMeters": 356.0,
        "BuildingHeightMeters": 10.0,
        "Storeys": 3,
        "Confidence": 0.94
      }
    },
    {
      "type": "Feature",
      "geometry": {
        "type": "Polygon",
        "coordinates": [
          [
            [
              72.8311,
              21.1702
            ],
            [
              72.83125000000001,
              21.1702
            ],
            [
              72.83125000000001,
              21.170350000000003
            ],
            [
              72.8311,
              21.170350000000003
            ],
            [
              72.8311,
              21.1702
            ]
          ]
        ]
      },
      "properties": {
        "BuildingId": "OB_SUR_00050",
        "RoofAreaSquareMeters": 385.0,
        "BuildingHeightMeters": 17.0,
        "Storeys": 5,
        "Confidence": 0.72
      }
    },
    {
      "type": "Feature",
      "geometry": {
        "type": "Polygon",
        "coordinates": [
          [
            [
              72.8362,
              21.174100000000003
            ],
            [
              72.83635000000001,
              21.174100000000003
            ],
            [
              72.83635000000001,
              21.174250000000004
            ],
            [
              72.8362,
              21.174250000000004
            ],
            [
              72.8362,
              21.174100000000003
            ]
          ]
        ]
      },
      "properties": {
        "BuildingId": "OB_SUR_00051",
        "RoofAreaSquareMeters": 414.0,
        "BuildingHeightMeters": 8.0,
        "Storeys": 2,
        "Confidence": 0.75
      }
    },
    {
      "type": "Feature",
      "geometry": {
        "type": "Polygon",
        "coordinates": [
          [
            [
              72.8413,
              21.178
            ],
            [
              72.84145000000001,
              21.178
            ],
            [
              72.84145000000001,
              21.178150000000002
            ],
            [
              72.8413,
              21.178150000000002
            ],
            [
              72.8413,
              21.178
            ]
          ]
        ]
      },
      "properties": {
        "BuildingId": "OB_SUR_00052",
        "RoofAreaSquareMeters": 443.0,
        "BuildingHeightMeters": 15.0,
        "Storeys": 4,
        "Confidence": 0.78
      }
    },
    {
      "type": "Feature",
      "geometry": {
        "type": "Polygon",
        "coordinates": [
          [
            [
              72.8164,
              21.181900000000002
            ],
            [
              72.81655,
              21.181900000000002
            ],
            [
              72.81655,
              21.182050000000004
            ],
            [
              72.8164,
              21.182050000000004
            ],
            [
              72.8164,
              21.181900000000002
            ]
          ]
        ]
      },
      "properties": {
        "BuildingId": "OB_SUR_00053",
        "RoofAreaSquareMeters": 472.0,
        "BuildingHeightMeters": 6.0,
        "Storeys": 1,
        "Confidence": 0.81
      }
    },
    {
      "type": "Feature",
      "geometry": {
        "type": "Polygon",
        "coordinates": [
          [
            [
              72.8215,
              21.155800000000003
            ],
            [
              72.82165,
              21.155800000000003
            ],
            [
              72.82165,
              21.155950000000004
            ],
            [
              72.8215,
              21.155950000000004
            ],
            [
              72.8215,
              21.155800000000003
            ]
          ]
        ]
      },
      "properties": {
        "BuildingId": "OB_SUR_00054",
        "RoofAreaSquareMeters": 501.0,
        "BuildingHeightMeters": 13.0,
        "Storeys": 4,
        "Confidence": 0.84
      }
    },
    {
      "type": "Feature",
      "geometry": {
        "type": "Polygon",
        "coordinates": [
          [
            [
              72.82660000000001,
              21.1597
            ],
            [
              72.82675000000002,
              21.1597
            ],
            [
              72.82675000000002,
              21.159850000000002
            ],
            [
              72.82660000000001,
              21.159850000000002
            ],
            [
              72.82660000000001,
              21.1597
            ]
          ]
        ]
      },
      "properties": {
        "BuildingId": "OB_SUR_00055",
        "RoofAreaSquareMeters": 530.0,
        "BuildingHeightMeters": 4.0,
        "Storeys": 1,
        "Confidence": 0.87
      }
    },
    {
      "type": "Feature",
      "geometry": {
        "type": "Polygon",
        "coordinates": [
          [
            [
              72.83170000000001,
              21.163600000000002
            ],
            [
              72.83185000000002,
              21.163600000000002
            ],
            [
              72.83185000000002,
              21.163750000000004
            ],
            [
              72.83170000000001,
              21.163750000000004
            ],
            [
              72.83170000000001,
              21.163600000000002
            ]
          ]
        ]
      },
      "properties": {
        "BuildingId": "OB_SUR_00056",
        "RoofAreaSquareMeters": 559.0,
        "BuildingHeightMeters": 11.0,
        "Storeys": 3,
        "Confidence": 0.9
      }
    },
    {
      "type": "Feature",
      "geometry": {
        "type": "Polygon",
        "coordinates": [
          [
            [
              72.83680000000001,
              21.1675
            ],
            [
              72.83695000000002,
              21.1675
            ],
            [
              72.83695000000002,
              21.167650000000002
            ],
            [
              72.83680000000001,
              21.167650000000002
            ],
            [
              72.83680000000001,
              21.1675
            ]
          ]
        ]
      },
      "properties": {
        "BuildingId": "OB_SUR_00057",
        "RoofAreaSquareMeters": 38.0,
        "BuildingHeightMeters": 18.0,
        "Storeys": 5,
        "Confidence": 0.93
      }
    },
    {
      "type": "Feature",
      "geometry": {
        "type": "Polygon",
        "coordinates": [
          [
            [
              72.84190000000001,
              21.171400000000002
            ],
            [
              72.84205000000001,
              21.171400000000002
            ],
            [
              72.84205000000001,
              21.171550000000003
            ],
            [
              72.84190000000001,
              21.171550000000003
            ],
            [
              72.84190000000001,
              21.171400000000002
            ]
          ]
        ]
      },
      "properties": {
        "BuildingId": "OB_SUR_00058",
        "RoofAreaSquareMeters": 67.0,
        "BuildingHeightMeters": 9.0,
        "Storeys": 2,
        "Confidence": 0.96
      }
    },
    {
      "type": "Feature",
      "geometry": {
        "type": "Polygon",
        "coordinates": [
          [
            [
              72.81700000000001,
              21.1753
            ],
            [
              72.81715000000001,
              21.1753
            ],
            [
              72.81715000000001,
              21.17545
            ],
            [
              72.81700000000001,
              21.17545
            ],
            [
              72.81700000000001,
              21.1753
            ]
          ]
        ]
      },
      "properties": {
        "BuildingId": "OB_SUR_00059",
        "RoofAreaSquareMeters": 96.0,
        "BuildingHeightMeters": 16.0,
        "Storeys": 4,
        "Confidence": 0.74
      }
    },
    {
      "type": "Feature",
      "geometry": {
        "type": "Polygon",
        "coordinates": [
          [
            [
              72.8221,
              21.1792
            ],
            [
              72.82225000000001,
              21.1792
            ],
            [
              72.82225000000001,
              21.179350000000003
            ],
            [
              72.8221,
              21.179350000000003
            ],
            [
              72.8221,
              21.1792
            ]
          ]
        ]
      },
      "properties": {
        "BuildingId": "OB_SUR_00060",
        "RoofAreaSquareMeters": 125.0,
        "BuildingHeightMeters": 7.0,
        "Storeys": 2,
        "Confidence": 0.77
      }
    },
    {
      "type": "Feature",
      "geometry": {
        "type": "Polygon",
        "coordinates": [
          [
            [
              72.8272,
              21.1831
            ],
            [
              72.82735000000001,
              21.1831
            ],
            [
              72.82735000000001,
              21.18325
            ],
            [
              72.8272,
              21.18325
            ],
            [
              72.8272,
              21.1831
            ]
          ]
        ]
      },
      "properties": {
        "BuildingId": "OB_SUR_00061",
        "RoofAreaSquareMeters": 154.0,
        "BuildingHeightMeters": 14.0,
        "Storeys": 4,
        "Confidence": 0.8
      }
    },
    {
      "type": "Feature",
      "geometry": {
        "type": "Polygon",
        "coordinates": [
          [
            [
              72.8323,
              21.157
            ],
            [
              72.83245000000001,
              21.157
            ],
            [
              72.83245000000001,
              21.15715
            ],
            [
              72.8323,
              21.15715
            ],
            [
              72.8323,
              21.157
            ]
          ]
        ]
      },
      "properties": {
        "BuildingId": "OB_SUR_00062",
        "RoofAreaSquareMeters": 183.0,
        "BuildingHeightMeters": 5.0,
        "Storeys": 1,
        "Confidence": 0.83
      }
    },
    {
      "type": "Feature",
      "geometry": {
        "type": "Polygon",
        "coordinates": [
          [
            [
              72.8374,
              21.1609
            ],
            [
              72.83755000000001,
              21.1609
            ],
            [
              72.83755000000001,
              21.161050000000003
            ],
            [
              72.8374,
              21.161050000000003
            ],
            [
              72.8374,
              21.1609
            ]
          ]
        ]
      },
      "properties": {
        "BuildingId": "OB_SUR_00063",
        "RoofAreaSquareMeters": 212.0,
        "BuildingHeightMeters": 12.0,
        "Storeys": 3,
        "Confidence": 0.86
      }
    },
    {
      "type": "Feature",
      "geometry": {
        "type": "Polygon",
        "coordinates": [
          [
            [
              72.8425,
              21.1648
            ],
            [
              72.84265,
              21.1648
            ],
            [
              72.84265,
              21.16495
            ],
            [
              72.8425,
              21.16495
            ],
            [
              72.8425,
              21.1648
            ]
          ]
        ]
      },
      "properties": {
        "BuildingId": "OB_SUR_00064",
        "RoofAreaSquareMeters": 241.0,
        "BuildingHeightMeters": 3.0,
        "Storeys": 1,
        "Confidence": 0.89
      }
    },
    {
      "type": "Feature",
      "geometry": {
        "type": "Polygon",
        "coordinates": [
          [
            [
              72.81760000000001,
              21.1687
            ],
            [
              72.81775000000002,
              21.1687
            ],
            [
              72.81775000000002,
              21.168850000000003
            ],
            [
              72.81760000000001,
              21.168850000000003
            ],
            [
              72.81760000000001,
              21.1687
            ]
          ]
        ]
      },
      "properties": {
        "BuildingId": "OB_SUR_00065",
        "RoofAreaSquareMeters": 270.0,
        "BuildingHeightMeters": 10.0,
        "Storeys": 3,
        "Confidence": 0.92
      }
    },
    {
      "type": "Feature",
      "geometry": {
        "type": "Polygon",
        "coordinates": [
          [
            [
              72.82270000000001,
              21.172600000000003
            ],
            [
              72.82285000000002,
              21.172600000000003
            ],
            [
              72.82285000000002,
              21.172750000000004
            ],
            [
              72.82270000000001,
              21.172750000000004
            ],
            [
              72.82270000000001,
              21.172600000000003
            ]
          ]
        ]
      },
      "properties": {
        "BuildingId": "OB_SUR_00066",
        "RoofAreaSquareMeters": 299.0,
        "BuildingHeightMeters": 17.0,
        "Storeys": 5,
        "Confidence": 0.95
      }
    },
    {
      "type": "Feature",
      "geometry": {
        "type": "Polygon",
        "coordinates": [
          [
            [
              72.82780000000001,
              21.1765
            ],
            [
              72.82795000000002,
              21.1765
            ],
            [
              72.82795000000002,
              21.176650000000002
            ],
            [
              72.82780000000001,
              21.176650000000002
            ],
            [
              72.82780000000001,
              21.1765
            ]
          ]
        ]
      },
      "properties": {
        "BuildingId": "OB_SUR_00067",
        "RoofAreaSquareMeters": 328.0,
        "BuildingHeightMeters": 8.0,
        "Storeys": 2,
        "Confidence": 0.73
      }
    },
    {
      "type": "Feature",
      "geometry": {
        "type": "Polygon",
        "coordinates": [
          [
            [
              72.83290000000001,
              21.180400000000002
            ],
            [
              72.83305000000001,
              21.180400000000002
            ],
            [
              72.83305000000001,
              21.180550000000004
            ],
            [
              72.83290000000001,
              21.180550000000004
            ],
            [
              72.83290000000001,
              21.180400000000002
            ]
          ]
        ]
      },
      "properties": {
        "BuildingId": "OB_SUR_00068",
        "RoofAreaSquareMeters": 357.0,
        "BuildingHeightMeters": 15.0,
        "Storeys": 4,
        "Confidence": 0.76
      }
    },
    {
      "type": "Feature",
      "geometry": {
        "type": "Polygon",
        "coordinates": [
          [
            [
              72.83800000000001,
              21.1843
            ],
            [
              72.83815000000001,
              21.1843
            ],
            [
              72.83815000000001,
              21.184450000000002
            ],
            [
              72.83800000000001,
              21.184450000000002
            ],
            [
              72.83800000000001,
              21.1843
            ]
          ]
        ]
      },
      "properties": {
        "BuildingId": "OB_SUR_00069",
        "RoofAreaSquareMeters": 386.0,
        "BuildingHeightMeters": 6.0,
        "Storeys": 1,
        "Confidence": 0.79
      }
    },
    {
      "type": "Feature",
      "geometry": {
        "type": "Polygon",
        "coordinates": [
          [
            [
              72.8431,
              21.1582
            ],
            [
              72.84325000000001,
              21.1582
            ],
            [
              72.84325000000001,
              21.158350000000002
            ],
            [
              72.8431,
              21.158350000000002
            ],
            [
              72.8431,
              21.1582
            ]
          ]
        ]
      },
      "properties": {
        "BuildingId": "OB_SUR_00070",
        "RoofAreaSquareMeters": 415.0,
        "BuildingHeightMeters": 13.0,
        "Storeys": 4,
        "Confidence": 0.82
      }
    },
    {
      "type": "Feature",
      "geometry": {
        "type": "Polygon",
        "coordinates": [
          [
            [
              72.8182,
              21.162100000000002
            ],
            [
              72.81835000000001,
              21.162100000000002
            ],
            [
              72.81835000000001,
              21.162250000000004
            ],
            [
              72.8182,
              21.162250000000004
            ],
            [
              72.8182,
              21.162100000000002
            ]
          ]
        ]
      },
      "properties": {
        "BuildingId": "OB_SUR_00071",
        "RoofAreaSquareMeters": 444.0,
        "BuildingHeightMeters": 4.0,
        "Storeys": 1,
        "Confidence": 0.85
      }
    },
    {
      "type": "Feature",
      "geometry": {
        "type": "Polygon",
        "coordinates": [
          [
            [
              72.8233,
              21.166
            ],
            [
              72.82345000000001,
              21.166
            ],
            [
              72.82345000000001,
              21.166150000000002
            ],
            [
              72.8233,
              21.166150000000002
            ],
            [
              72.8233,
              21.166
            ]
          ]
        ]
      },
      "properties": {
        "BuildingId": "OB_SUR_00072",
        "RoofAreaSquareMeters": 473.0,
        "BuildingHeightMeters": 11.0,
        "Storeys": 3,
        "Confidence": 0.88
      }
    },
    {
      "type": "Feature",
      "geometry": {
        "type": "Polygon",
        "coordinates": [
          [
            [
              72.8284,
              21.169900000000002
            ],
            [
              72.82855,
              21.169900000000002
            ],
            [
              72.82855,
              21.170050000000003
            ],
            [
              72.8284,
              21.170050000000003
            ],
            [
              72.8284,
              21.169900000000002
            ]
          ]
        ]
      },
      "properties": {
        "BuildingId": "OB_SUR_00073",
        "RoofAreaSquareMeters": 502.0,
        "BuildingHeightMeters": 18.0,
        "Storeys": 5,
        "Confidence": 0.91
      }
    },
    {
      "type": "Feature",
      "geometry": {
        "type": "Polygon",
        "coordinates": [
          [
            [
              72.8335,
              21.1738
            ],
            [
              72.83365,
              21.1738
            ],
            [
              72.83365,
              21.17395
            ],
            [
              72.8335,
              21.17395
            ],
            [
              72.8335,
              21.1738
            ]
          ]
        ]
      },
      "properties": {
        "BuildingId": "OB_SUR_00074",
        "RoofAreaSquareMeters": 531.0,
        "BuildingHeightMeters": 9.0,
        "Storeys": 2,
        "Confidence": 0.94
      }
    },
    {
      "type": "Feature",
      "geometry": {
        "type": "Polygon",
        "coordinates": [
          [
            [
              72.8386,
              21.1777
            ],
            [
              72.83875,
              21.1777
            ],
            [
              72.83875,
              21.177850000000003
            ],
            [
              72.8386,
              21.177850000000003
            ],
            [
              72.8386,
              21.1777
            ]
          ]
        ]
      },
      "properties": {
        "BuildingId": "OB_SUR_00075",
        "RoofAreaSquareMeters": 560.0,
        "BuildingHeightMeters": 16.0,
        "Storeys": 4,
        "Confidence": 0.72
      }
    },
    {
      "type": "Feature",
      "geometry": {
        "type": "Polygon",
        "coordinates": [
          [
            [
              72.84370000000001,
              21.1816
            ],
            [
              72.84385000000002,
              21.1816
            ],
            [
              72.84385000000002,
              21.18175
            ],
            [
              72.84370000000001,
              21.18175
            ],
            [
              72.84370000000001,
              21.1816
            ]
          ]
        ]
      },
      "properties": {
        "BuildingId": "OB_SUR_00076",
        "RoofAreaSquareMeters": 39.0,
        "BuildingHeightMeters": 7.0,
        "Storeys": 2,
        "Confidence": 0.75
      }
    },
    {
      "type": "Feature",
      "geometry": {
        "type": "Polygon",
        "coordinates": [
          [
            [
              72.81880000000001,
              21.1555
            ],
            [
              72.81895000000002,
              21.1555
            ],
            [
              72.81895000000002,
              21.15565
            ],
            [
              72.81880000000001,
              21.15565
            ],
            [
              72.81880000000001,
              21.1555
            ]
          ]
        ]
      },
      "properties": {
        "BuildingId": "OB_SUR_00077",
        "RoofAreaSquareMeters": 68.0,
        "BuildingHeightMeters": 14.0,
        "Storeys": 4,
        "Confidence": 0.78
      }
    },
    {
      "type": "Feature",
      "geometry": {
        "type": "Polygon",
        "coordinates": [
          [
            [
              72.82390000000001,
              21.1594
            ],
            [
              72.82405000000001,
              21.1594
            ],
            [
              72.82405000000001,
              21.159550000000003
            ],
            [
              72.82390000000001,
              21.159550000000003
            ],
            [
              72.82390000000001,
              21.1594
            ]
          ]
        ]
      },
      "properties": {
        "BuildingId": "OB_SUR_00078",
        "RoofAreaSquareMeters": 97.0,
        "BuildingHeightMeters": 5.0,
        "Storeys": 1,
        "Confidence": 0.81
      }
    },
    {
      "type": "Feature",
      "geometry": {
        "type": "Polygon",
        "coordinates": [
          [
            [
              72.82900000000001,
              21.1633
            ],
            [
              72.82915000000001,
              21.1633
            ],
            [
              72.82915000000001,
              21.16345
            ],
            [
              72.82900000000001,
              21.16345
            ],
            [
              72.82900000000001,
              21.1633
            ]
          ]
        ]
      },
      "properties": {
        "BuildingId": "OB_SUR_00079",
        "RoofAreaSquareMeters": 126.0,
        "BuildingHeightMeters": 12.0,
        "Storeys": 3,
        "Confidence": 0.84
      }
    },
    {
      "type": "Feature",
      "geometry": {
        "type": "Polygon",
        "coordinates": [
          [
            [
              72.8341,
              21.1672
            ],
            [
              72.83425000000001,
              21.1672
            ],
            [
              72.83425000000001,
              21.167350000000003
            ],
            [
              72.8341,
              21.167350000000003
            ],
            [
              72.8341,
              21.1672
            ]
          ]
        ]
      },
      "properties": {
        "BuildingId": "OB_SUR_00080",
        "RoofAreaSquareMeters": 155.0,
        "BuildingHeightMeters": 3.0,
        "Storeys": 1,
        "Confidence": 0.87
      }
    },
    {
      "type": "Feature",
      "geometry": {
        "type": "Polygon",
        "coordinates": [
          [
            [
              72.8392,
              21.171100000000003
            ],
            [
              72.83935000000001,
              21.171100000000003
            ],
            [
              72.83935000000001,
              21.171250000000004
            ],
            [
              72.8392,
              21.171250000000004
            ],
            [
              72.8392,
              21.171100000000003
            ]
          ]
        ]
      },
      "properties": {
        "BuildingId": "OB_SUR_00081",
        "RoofAreaSquareMeters": 184.0,
        "BuildingHeightMeters": 10.0,
        "Storeys": 3,
        "Confidence": 0.9
      }
    },
    {
      "type": "Feature",
      "geometry": {
        "type": "Polygon",
        "coordinates": [
          [
            [
              72.8443,
              21.175
            ],
            [
              72.84445000000001,
              21.175
            ],
            [
              72.84445000000001,
              21.175150000000002
            ],
            [
              72.8443,
              21.175150000000002
            ],
            [
              72.8443,
              21.175
            ]
          ]
        ]
      },
      "properties": {
        "BuildingId": "OB_SUR_00082",
        "RoofAreaSquareMeters": 213.0,
        "BuildingHeightMeters": 17.0,
        "Storeys": 5,
        "Confidence": 0.93
      }
    },
    {
      "type": "Feature",
      "geometry": {
        "type": "Polygon",
        "coordinates": [
          [
            [
              72.8194,
              21.178900000000002
            ],
            [
              72.81955,
              21.178900000000002
            ],
            [
              72.81955,
              21.179050000000004
            ],
            [
              72.8194,
              21.179050000000004
            ],
            [
              72.8194,
              21.178900000000002
            ]
          ]
        ]
      },
      "properties": {
        "BuildingId": "OB_SUR_00083",
        "RoofAreaSquareMeters": 242.0,
        "BuildingHeightMeters": 8.0,
        "Storeys": 2,
        "Confidence": 0.96
      }
    },
    {
      "type": "Feature",
      "geometry": {
        "type": "Polygon",
        "coordinates": [
          [
            [
              72.8245,
              21.1828
            ],
            [
              72.82465,
              21.1828
            ],
            [
              72.82465,
              21.18295
            ],
            [
              72.8245,
              21.18295
            ],
            [
              72.8245,
              21.1828
            ]
          ]
        ]
      },
      "properties": {
        "BuildingId": "OB_SUR_00084",
        "RoofAreaSquareMeters": 271.0,
        "BuildingHeightMeters": 15.0,
        "Storeys": 4,
        "Confidence": 0.74
      }
    },
    {
      "type": "Feature",
      "geometry": {
        "type": "Polygon",
        "coordinates": [
          [
            [
              72.82960000000001,
              21.1567
            ],
            [
              72.82975000000002,
              21.1567
            ],
            [
              72.82975000000002,
              21.156850000000002
            ],
            [
              72.82960000000001,
              21.156850000000002
            ],
            [
              72.82960000000001,
              21.1567
            ]
          ]
        ]
      },
      "properties": {
        "BuildingId": "OB_SUR_00085",
        "RoofAreaSquareMeters": 300.0,
        "BuildingHeightMeters": 6.0,
        "Storeys": 1,
        "Confidence": 0.77
      }
    },
    {
      "type": "Feature",
      "geometry": {
        "type": "Polygon",
        "coordinates": [
          [
            [
              72.83470000000001,
              21.160600000000002
            ],
            [
              72.83485000000002,
              21.160600000000002
            ],
            [
              72.83485000000002,
              21.160750000000004
            ],
            [
              72.83470000000001,
              21.160750000000004
            ],
            [
              72.83470000000001,
              21.160600000000002
            ]
          ]
        ]
      },
      "properties": {
        "BuildingId": "OB_SUR_00086",
        "RoofAreaSquareMeters": 329.0,
        "BuildingHeightMeters": 13.0,
        "Storeys": 4,
        "Confidence": 0.8
      }
    },
    {
      "type": "Feature",
      "geometry": {
        "type": "Polygon",
        "coordinates": [
          [
            [
              72.83980000000001,
              21.1645
            ],
            [
              72.83995000000002,
              21.1645
            ],
            [
              72.83995000000002,
              21.16465
            ],
            [
              72.83980000000001,
              21.16465
            ],
            [
              72.83980000000001,
              21.1645
            ]
          ]
        ]
      },
      "properties": {
        "BuildingId": "OB_SUR_00087",
        "RoofAreaSquareMeters": 358.0,
        "BuildingHeightMeters": 4.0,
        "Storeys": 1,
        "Confidence": 0.83
      }
    },
    {
      "type": "Feature",
      "geometry": {
        "type": "Polygon",
        "coordinates": [
          [
            [
              72.84490000000001,
              21.168400000000002
            ],
            [
              72.84505000000001,
              21.168400000000002
            ],
            [
              72.84505000000001,
              21.168550000000003
            ],
            [
              72.84490000000001,
              21.168550000000003
            ],
            [
              72.84490000000001,
              21.168400000000002
            ]
          ]
        ]
      },
      "properties": {
        "BuildingId": "OB_SUR_00088",
        "RoofAreaSquareMeters": 387.0,
        "BuildingHeightMeters": 11.0,
        "Storeys": 3,
        "Confidence": 0.86
      }
    },
    {
      "type": "Feature",
      "geometry": {
        "type": "Polygon",
        "coordinates": [
          [
            [
              72.82000000000001,
              21.1723
            ],
            [
              72.82015000000001,
              21.1723
            ],
            [
              72.82015000000001,
              21.17245
            ],
            [
              72.82000000000001,
              21.17245
            ],
            [
              72.82000000000001,
              21.1723
            ]
          ]
        ]
      },
      "properties": {
        "BuildingId": "OB_SUR_00089",
        "RoofAreaSquareMeters": 416.0,
        "BuildingHeightMeters": 18.0,
        "Storeys": 5,
        "Confidence": 0.89
      }
    },
    {
      "type": "Feature",
      "geometry": {
        "type": "Polygon",
        "coordinates": [
          [
            [
              72.8251,
              21.1762
            ],
            [
              72.82525000000001,
              21.1762
            ],
            [
              72.82525000000001,
              21.176350000000003
            ],
            [
              72.8251,
              21.176350000000003
            ],
            [
              72.8251,
              21.1762
            ]
          ]
        ]
      },
      "properties": {
        "BuildingId": "OB_SUR_00090",
        "RoofAreaSquareMeters": 445.0,
        "BuildingHeightMeters": 9.0,
        "Storeys": 2,
        "Confidence": 0.92
      }
    },
    {
      "type": "Feature",
      "geometry": {
        "type": "Polygon",
        "coordinates": [
          [
            [
              72.8302,
              21.1801
            ],
            [
              72.83035000000001,
              21.1801
            ],
            [
              72.83035000000001,
              21.18025
            ],
            [
              72.8302,
              21.18025
            ],
            [
              72.8302,
              21.1801
            ]
          ]
        ]
      },
      "properties": {
        "BuildingId": "OB_SUR_00091",
        "RoofAreaSquareMeters": 474.0,
        "BuildingHeightMeters": 16.0,
        "Storeys": 4,
        "Confidence": 0.95
      }
    },
    {
      "type": "Feature",
      "geometry": {
        "type": "Polygon",
        "coordinates": [
          [
            [
              72.8353,
              21.184
            ],
            [
              72.83545000000001,
              21.184
            ],
            [
              72.83545000000001,
              21.184150000000002
            ],
            [
              72.8353,
              21.184150000000002
            ],
            [
              72.8353,
              21.184
            ]
          ]
        ]
      },
      "properties": {
        "BuildingId": "OB_SUR_00092",
        "RoofAreaSquareMeters": 503.0,
        "BuildingHeightMeters": 7.0,
        "Storeys": 2,
        "Confidence": 0.73
      }
    },
    {
      "type": "Feature",
      "geometry": {
        "type": "Polygon",
        "coordinates": [
          [
            [
              72.8404,
              21.1579
            ],
            [
              72.84055000000001,
              21.1579
            ],
            [
              72.84055000000001,
              21.158050000000003
            ],
            [
              72.8404,
              21.158050000000003
            ],
            [
              72.8404,
              21.1579
            ]
          ]
        ]
      },
      "properties": {
        "BuildingId": "OB_SUR_00093",
        "RoofAreaSquareMeters": 532.0,
        "BuildingHeightMeters": 14.0,
        "Storeys": 4,
        "Confidence": 0.76
      }
    },
    {
      "type": "Feature",
      "geometry": {
        "type": "Polygon",
        "coordinates": [
          [
            [
              72.8455,
              21.1618
            ],
            [
              72.84565,
              21.1618
            ],
            [
              72.84565,
              21.16195
            ],
            [
              72.8455,
              21.16195
            ],
            [
              72.8455,
              21.1618
            ]
          ]
        ]
      },
      "properties": {
        "BuildingId": "OB_SUR_00094",
        "RoofAreaSquareMeters": 561.0,
        "BuildingHeightMeters": 5.0,
        "Storeys": 1,
        "Confidence": 0.79
      }
    },
    {
      "type": "Feature",
      "geometry": {
        "type": "Polygon",
        "coordinates": [
          [
            [
              72.82060000000001,
              21.1657
            ],
            [
              72.82075000000002,
              21.1657
            ],
            [
              72.82075000000002,
              21.165850000000002
            ],
            [
              72.82060000000001,
              21.165850000000002
            ],
            [
              72.82060000000001,
              21.1657
            ]
          ]
        ]
      },
      "properties": {
        "BuildingId": "OB_SUR_00095",
        "RoofAreaSquareMeters": 40.0,
        "BuildingHeightMeters": 12.0,
        "Storeys": 3,
        "Confidence": 0.82
      }
    },
    {
      "type": "Feature",
      "geometry": {
        "type": "Polygon",
        "coordinates": [
          [
            [
              72.82570000000001,
              21.169600000000003
            ],
            [
              72.82585000000002,
              21.169600000000003
            ],
            [
              72.82585000000002,
              21.169750000000004
            ],
            [
              72.82570000000001,
              21.169750000000004
            ],
            [
              72.82570000000001,
              21.169600000000003
            ]
          ]
        ]
      },
      "properties": {
        "BuildingId": "OB_SUR_00096",
        "RoofAreaSquareMeters": 69.0,
        "BuildingHeightMeters": 3.0,
        "Storeys": 1,
        "Confidence": 0.85
      }
    },
    {
      "type": "Feature",
      "geometry": {
        "type": "Polygon",
        "coordinates": [
          [
            [
              72.83080000000001,
              21.1735
            ],
            [
              72.83095000000002,
              21.1735
            ],
            [
              72.83095000000002,
              21.173650000000002
            ],
            [
              72.83080000000001,
              21.173650000000002
            ],
            [
              72.83080000000001,
              21.1735
            ]
          ]
        ]
      },
      "properties": {
        "BuildingId": "OB_SUR_00097",
        "RoofAreaSquareMeters": 98.0,
        "BuildingHeightMeters": 10.0,
        "Storeys": 3,
        "Confidence": 0.88
      }
    },
    {
      "type": "Feature",
      "geometry": {
        "type": "Polygon",
        "coordinates": [
          [
            [
              72.83590000000001,
              21.177400000000002
            ],
            [
              72.83605000000001,
              21.177400000000002
            ],
            [
              72.83605000000001,
              21.177550000000004
            ],
            [
              72.83590000000001,
              21.177550000000004
            ],
            [
              72.83590000000001,
              21.177400000000002
            ]
          ]
        ]
      },
      "properties": {
        "BuildingId": "OB_SUR_00098",
        "RoofAreaSquareMeters": 127.0,
        "BuildingHeightMeters": 17.0,
        "Storeys": 5,
        "Confidence": 0.91
      }
    },
    {
      "type": "Feature",
      "geometry": {
        "type": "Polygon",
        "coordinates": [
          [
            [
              72.84100000000001,
              21.1813
            ],
            [
              72.84115000000001,
              21.1813
            ],
            [
              72.84115000000001,
              21.18145
            ],
            [
              72.84100000000001,
              21.18145
            ],
            [
              72.84100000000001,
              21.1813
            ]
          ]
        ]
      },
      "properties": {
        "BuildingId": "OB_SUR_00099",
        "RoofAreaSquareMeters": 156.0,
        "BuildingHeightMeters": 8.0,
        "Storeys": 2,
        "Confidence": 0.94
      }
    },
    {
      "type": "Feature",
      "geometry": {
        "type": "Polygon",
        "coordinates": [
          [
            [
              72.8161,
              21.1552
            ],
            [
              72.81625000000001,
              21.1552
            ],
            [
              72.81625000000001,
              21.155350000000002
            ],
            [
              72.8161,
              21.155350000000002
            ],
            [
              72.8161,
              21.1552
            ]
          ]
        ]
      },
      "properties": {
        "BuildingId": "OB_SUR_00100",
        "RoofAreaSquareMeters": 185.0,
        "BuildingHeightMeters": 15.0,
        "Storeys": 4,
        "Confidence": 0.72
      }
    },
    {
      "type": "Feature",
      "geometry": {
        "type": "Polygon",
        "coordinates": [
          [
            [
              72.8212,
              21.159100000000002
            ],
            [
              72.82135000000001,
              21.159100000000002
            ],
            [
              72.82135000000001,
              21.159250000000004
            ],
            [
              72.8212,
              21.159250000000004
            ],
            [
              72.8212,
              21.159100000000002
            ]
          ]
        ]
      },
      "properties": {
        "BuildingId": "OB_SUR_00101",
        "RoofAreaSquareMeters": 214.0,
        "BuildingHeightMeters": 6.0,
        "Storeys": 1,
        "Confidence": 0.75
      }
    },
    {
      "type": "Feature",
      "geometry": {
        "type": "Polygon",
        "coordinates": [
          [
            [
              72.8263,
              21.163
            ],
            [
              72.82645000000001,
              21.163
            ],
            [
              72.82645000000001,
              21.16315
            ],
            [
              72.8263,
              21.16315
            ],
            [
              72.8263,
              21.163
            ]
          ]
        ]
      },
      "properties": {
        "BuildingId": "OB_SUR_00102",
        "RoofAreaSquareMeters": 243.0,
        "BuildingHeightMeters": 13.0,
        "Storeys": 4,
        "Confidence": 0.78
      }
    },
    {
      "type": "Feature",
      "geometry": {
        "type": "Polygon",
        "coordinates": [
          [
            [
              72.8314,
              21.166900000000002
            ],
            [
              72.83155000000001,
              21.166900000000002
            ],
            [
              72.83155000000001,
              21.167050000000003
            ],
            [
              72.8314,
              21.167050000000003
            ],
            [
              72.8314,
              21.166900000000002
            ]
          ]
        ]
      },
      "properties": {
        "BuildingId": "OB_SUR_00103",
        "RoofAreaSquareMeters": 272.0,
        "BuildingHeightMeters": 4.0,
        "Storeys": 1,
        "Confidence": 0.81
      }
    },
    {
      "type": "Feature",
      "geometry": {
        "type": "Polygon",
        "coordinates": [
          [
            [
              72.8365,
              21.1708
            ],
            [
              72.83665,
              21.1708
            ],
            [
              72.83665,
              21.17095
            ],
            [
              72.8365,
              21.17095
            ],
            [
              72.8365,
              21.1708
            ]
          ]
        ]
      },
      "properties": {
        "BuildingId": "OB_SUR_00104",
        "RoofAreaSquareMeters": 301.0,
        "BuildingHeightMeters": 11.0,
        "Storeys": 3,
        "Confidence": 0.84
      }
    },
    {
      "type": "Feature",
      "geometry": {
        "type": "Polygon",
        "coordinates": [
          [
            [
              72.8416,
              21.1747
            ],
            [
              72.84175,
              21.1747
            ],
            [
              72.84175,
              21.174850000000003
            ],
            [
              72.8416,
              21.174850000000003
            ],
            [
              72.8416,
              21.1747
            ]
          ]
        ]
      },
      "properties": {
        "BuildingId": "OB_SUR_00105",
        "RoofAreaSquareMeters": 330.0,
        "BuildingHeightMeters": 18.0,
        "Storeys": 5,
        "Confidence": 0.87
      }
    },
    {
      "type": "Feature",
      "geometry": {
        "type": "Polygon",
        "coordinates": [
          [
            [
              72.81670000000001,
              21.178600000000003
            ],
            [
              72.81685000000002,
              21.178600000000003
            ],
            [
              72.81685000000002,
              21.178750000000004
            ],
            [
              72.81670000000001,
              21.178750000000004
            ],
            [
              72.81670000000001,
              21.178600000000003
            ]
          ]
        ]
      },
      "properties": {
        "BuildingId": "OB_SUR_00106",
        "RoofAreaSquareMeters": 359.0,
        "BuildingHeightMeters": 9.0,
        "Storeys": 2,
        "Confidence": 0.9
      }
    },
    {
      "type": "Feature",
      "geometry": {
        "type": "Polygon",
        "coordinates": [
          [
            [
              72.82180000000001,
              21.1825
            ],
            [
              72.82195000000002,
              21.1825
            ],
            [
              72.82195000000002,
              21.182650000000002
            ],
            [
              72.82180000000001,
              21.182650000000002
            ],
            [
              72.82180000000001,
              21.1825
            ]
          ]
        ]
      },
      "properties": {
        "BuildingId": "OB_SUR_00107",
        "RoofAreaSquareMeters": 388.0,
        "BuildingHeightMeters": 16.0,
        "Storeys": 4,
        "Confidence": 0.93
      }
    },
    {
      "type": "Feature",
      "geometry": {
        "type": "Polygon",
        "coordinates": [
          [
            [
              72.82690000000001,
              21.1564
            ],
            [
              72.82705000000001,
              21.1564
            ],
            [
              72.82705000000001,
              21.156550000000003
            ],
            [
              72.82690000000001,
              21.156550000000003
            ],
            [
              72.82690000000001,
              21.1564
            ]
          ]
        ]
      },
      "properties": {
        "BuildingId": "OB_SUR_00108",
        "RoofAreaSquareMeters": 417.0,
        "BuildingHeightMeters": 7.0,
        "Storeys": 2,
        "Confidence": 0.96
      }
    },
    {
      "type": "Feature",
      "geometry": {
        "type": "Polygon",
        "coordinates": [
          [
            [
              72.83200000000001,
              21.160300000000003
            ],
            [
              72.83215000000001,
              21.160300000000003
            ],
            [
              72.83215000000001,
              21.160450000000004
            ],
            [
              72.83200000000001,
              21.160450000000004
            ],
            [
              72.83200000000001,
              21.160300000000003
            ]
          ]
        ]
      },
      "properties": {
        "BuildingId": "OB_SUR_00109",
        "RoofAreaSquareMeters": 446.0,
        "BuildingHeightMeters": 14.0,
        "Storeys": 4,
        "Confidence": 0.74
      }
    },
    {
      "type": "Feature",
      "geometry": {
        "type": "Polygon",
        "coordinates": [
          [
            [
              72.8371,
              21.1642
            ],
            [
              72.83725000000001,
              21.1642
            ],
            [
              72.83725000000001,
              21.164350000000002
            ],
            [
              72.8371,
              21.164350000000002
            ],
            [
              72.8371,
              21.1642
            ]
          ]
        ]
      },
      "properties": {
        "BuildingId": "OB_SUR_00110",
        "RoofAreaSquareMeters": 475.0,
        "BuildingHeightMeters": 5.0,
        "Storeys": 1,
        "Confidence": 0.77
      }
    },
    {
      "type": "Feature",
      "geometry": {
        "type": "Polygon",
        "coordinates": [
          [
            [
              72.8422,
              21.168100000000003
            ],
            [
              72.84235000000001,
              21.168100000000003
            ],
            [
              72.84235000000001,
              21.168250000000004
            ],
            [
              72.8422,
              21.168250000000004
            ],
            [
              72.8422,
              21.168100000000003
            ]
          ]
        ]
      },
      "properties": {
        "BuildingId": "OB_SUR_00111",
        "RoofAreaSquareMeters": 504.0,
        "BuildingHeightMeters": 12.0,
        "Storeys": 3,
        "Confidence": 0.8
      }
    },
    {
      "type": "Feature",
      "geometry": {
        "type": "Polygon",
        "coordinates": [
          [
            [
              72.8173,
              21.172
            ],
            [
              72.81745000000001,
              21.172
            ],
            [
              72.81745000000001,
              21.172150000000002
            ],
            [
              72.8173,
              21.172150000000002
            ],
            [
              72.8173,
              21.172
            ]
          ]
        ]
      },
      "properties": {
        "BuildingId": "OB_SUR_00112",
        "RoofAreaSquareMeters": 533.0,
        "BuildingHeightMeters": 3.0,
        "Storeys": 1,
        "Confidence": 0.83
      }
    },
    {
      "type": "Feature",
      "geometry": {
        "type": "Polygon",
        "coordinates": [
          [
            [
              72.8224,
              21.175900000000002
            ],
            [
              72.82255,
              21.175900000000002
            ],
            [
              72.82255,
              21.176050000000004
            ],
            [
              72.8224,
              21.176050000000004
            ],
            [
              72.8224,
              21.175900000000002
            ]
          ]
        ]
      },
      "properties": {
        "BuildingId": "OB_SUR_00113",
        "RoofAreaSquareMeters": 562.0,
        "BuildingHeightMeters": 10.0,
        "Storeys": 3,
        "Confidence": 0.86
      }
    },
    {
      "type": "Feature",
      "geometry": {
        "type": "Polygon",
        "coordinates": [
          [
            [
              72.8275,
              21.1798
            ],
            [
              72.82765,
              21.1798
            ],
            [
              72.82765,
              21.17995
            ],
            [
              72.8275,
              21.17995
            ],
            [
              72.8275,
              21.1798
            ]
          ]
        ]
      },
      "properties": {
        "BuildingId": "OB_SUR_00114",
        "RoofAreaSquareMeters": 41.0,
        "BuildingHeightMeters": 17.0,
        "Storeys": 5,
        "Confidence": 0.89
      }
    },
    {
      "type": "Feature",
      "geometry": {
        "type": "Polygon",
        "coordinates": [
          [
            [
              72.8326,
              21.1837
            ],
            [
              72.83275,
              21.1837
            ],
            [
              72.83275,
              21.183850000000003
            ],
            [
              72.8326,
              21.183850000000003
            ],
            [
              72.8326,
              21.1837
            ]
          ]
        ]
      },
      "properties": {
        "BuildingId": "OB_SUR_00115",
        "RoofAreaSquareMeters": 70.0,
        "BuildingHeightMeters": 8.0,
        "Storeys": 2,
        "Confidence": 0.92
      }
    },
    {
      "type": "Feature",
      "geometry": {
        "type": "Polygon",
        "coordinates": [
          [
            [
              72.83770000000001,
              21.157600000000002
            ],
            [
              72.83785000000002,
              21.157600000000002
            ],
            [
              72.83785000000002,
              21.157750000000004
            ],
            [
              72.83770000000001,
              21.157750000000004
            ],
            [
              72.83770000000001,
              21.157600000000002
            ]
          ]
        ]
      },
      "properties": {
        "BuildingId": "OB_SUR_00116",
        "RoofAreaSquareMeters": 99.0,
        "BuildingHeightMeters": 15.0,
        "Storeys": 4,
        "Confidence": 0.95
      }
    },
    {
      "type": "Feature",
      "geometry": {
        "type": "Polygon",
        "coordinates": [
          [
            [
              72.84280000000001,
              21.1615
            ],
            [
              72.84295000000002,
              21.1615
            ],
            [
              72.84295000000002,
              21.16165
            ],
            [
              72.84280000000001,
              21.16165
            ],
            [
              72.84280000000001,
              21.1615
            ]
          ]
        ]
      },
      "properties": {
        "BuildingId": "OB_SUR_00117",
        "RoofAreaSquareMeters": 128.0,
        "BuildingHeightMeters": 6.0,
        "Storeys": 1,
        "Confidence": 0.73
      }
    },
    {
      "type": "Feature",
      "geometry": {
        "type": "Polygon",
        "coordinates": [
          [
            [
              72.81790000000001,
              21.1654
            ],
            [
              72.81805000000001,
              21.1654
            ],
            [
              72.81805000000001,
              21.165550000000003
            ],
            [
              72.81790000000001,
              21.165550000000003
            ],
            [
              72.81790000000001,
              21.1654
            ]
          ]
        ]
      },
      "properties": {
        "BuildingId": "OB_SUR_00118",
        "RoofAreaSquareMeters": 157.0,
        "BuildingHeightMeters": 13.0,
        "Storeys": 4,
        "Confidence": 0.76
      }
    },
    {
      "type": "Feature",
      "geometry": {
        "type": "Polygon",
        "coordinates": [
          [
            [
              72.82300000000001,
              21.1693
            ],
            [
              72.82315000000001,
              21.1693
            ],
            [
              72.82315000000001,
              21.16945
            ],
            [
              72.82300000000001,
              21.16945
            ],
            [
              72.82300000000001,
              21.1693
            ]
          ]
        ]
      },
      "properties": {
        "BuildingId": "OB_SUR_00119",
        "RoofAreaSquareMeters": 186.0,
        "BuildingHeightMeters": 4.0,
        "Storeys": 1,
        "Confidence": 0.79
      }
    },
    {
      "type": "Feature",
      "geometry": {
        "type": "Polygon",
        "coordinates": [
          [
            [
              72.8281,
              21.1732
            ],
            [
              72.82825000000001,
              21.1732
            ],
            [
              72.82825000000001,
              21.173350000000003
            ],
            [
              72.8281,
              21.173350000000003
            ],
            [
              72.8281,
              21.1732
            ]
          ]
        ]
      },
      "properties": {
        "BuildingId": "OB_SUR_00120",
        "RoofAreaSquareMeters": 215.0,
        "BuildingHeightMeters": 11.0,
        "Storeys": 3,
        "Confidence": 0.82
      }
    },
    {
      "type": "Feature",
      "geometry": {
        "type": "Polygon",
        "coordinates": [
          [
            [
              72.8332,
              21.177100000000003
            ],
            [
              72.83335000000001,
              21.177100000000003
            ],
            [
              72.83335000000001,
              21.177250000000004
            ],
            [
              72.8332,
              21.177250000000004
            ],
            [
              72.8332,
              21.177100000000003
            ]
          ]
        ]
      },
      "properties": {
        "BuildingId": "OB_SUR_00121",
        "RoofAreaSquareMeters": 244.0,
        "BuildingHeightMeters": 18.0,
        "Storeys": 5,
        "Confidence": 0.85
      }
    },
    {
      "type": "Feature",
      "geometry": {
        "type": "Polygon",
        "coordinates": [
          [
            [
              72.8383,
              21.181
            ],
            [
              72.83845000000001,
              21.181
            ],
            [
              72.83845000000001,
              21.181150000000002
            ],
            [
              72.8383,
              21.181150000000002
            ],
            [
              72.8383,
              21.181
            ]
          ]
        ]
      },
      "properties": {
        "BuildingId": "OB_SUR_00122",
        "RoofAreaSquareMeters": 273.0,
        "BuildingHeightMeters": 9.0,
        "Storeys": 2,
        "Confidence": 0.88
      }
    },
    {
      "type": "Feature",
      "geometry": {
        "type": "Polygon",
        "coordinates": [
          [
            [
              72.8434,
              21.184900000000003
            ],
            [
              72.84355000000001,
              21.184900000000003
            ],
            [
              72.84355000000001,
              21.185050000000004
            ],
            [
              72.8434,
              21.185050000000004
            ],
            [
              72.8434,
              21.184900000000003
            ]
          ]
        ]
      },
      "properties": {
        "BuildingId": "OB_SUR_00123",
        "RoofAreaSquareMeters": 302.0,
        "BuildingHeightMeters": 16.0,
        "Storeys": 4,
        "Confidence": 0.91
      }
    },
    {
      "type": "Feature",
      "geometry": {
        "type": "Polygon",
        "coordinates": [
          [
            [
              72.8185,
              21.158800000000003
            ],
            [
              72.81865,
              21.158800000000003
            ],
            [
              72.81865,
              21.158950000000004
            ],
            [
              72.8185,
              21.158950000000004
            ],
            [
              72.8185,
              21.158800000000003
            ]
          ]
        ]
      },
      "properties": {
        "BuildingId": "OB_SUR_00124",
        "RoofAreaSquareMeters": 331.0,
        "BuildingHeightMeters": 7.0,
        "Storeys": 2,
        "Confidence": 0.94
      }
    },
    {
      "type": "Feature",
      "geometry": {
        "type": "Polygon",
        "coordinates": [
          [
            [
              72.82360000000001,
              21.1627
            ],
            [
              72.82375000000002,
              21.1627
            ],
            [
              72.82375000000002,
              21.162850000000002
            ],
            [
              72.82360000000001,
              21.162850000000002
            ],
            [
              72.82360000000001,
              21.1627
            ]
          ]
        ]
      },
      "properties": {
        "BuildingId": "OB_SUR_00125",
        "RoofAreaSquareMeters": 360.0,
        "BuildingHeightMeters": 14.0,
        "Storeys": 4,
        "Confidence": 0.72
      }
    },
    {
      "type": "Feature",
      "geometry": {
        "type": "Polygon",
        "coordinates": [
          [
            [
              72.82870000000001,
              21.166600000000003
            ],
            [
              72.82885000000002,
              21.166600000000003
            ],
            [
              72.82885000000002,
              21.166750000000004
            ],
            [
              72.82870000000001,
              21.166750000000004
            ],
            [
              72.82870000000001,
              21.166600000000003
            ]
          ]
        ]
      },
      "properties": {
        "BuildingId": "OB_SUR_00126",
        "RoofAreaSquareMeters": 389.0,
        "BuildingHeightMeters": 5.0,
        "Storeys": 1,
        "Confidence": 0.75
      }
    },
    {
      "type": "Feature",
      "geometry": {
        "type": "Polygon",
        "coordinates": [
          [
            [
              72.83380000000001,
              21.1705
            ],
            [
              72.83395000000002,
              21.1705
            ],
            [
              72.83395000000002,
              21.170650000000002
            ],
            [
              72.83380000000001,
              21.170650000000002
            ],
            [
              72.83380000000001,
              21.1705
            ]
          ]
        ]
      },
      "properties": {
        "BuildingId": "OB_SUR_00127",
        "RoofAreaSquareMeters": 418.0,
        "BuildingHeightMeters": 12.0,
        "Storeys": 3,
        "Confidence": 0.78
      }
    },
    {
      "type": "Feature",
      "geometry": {
        "type": "Polygon",
        "coordinates": [
          [
            [
              72.83890000000001,
              21.174400000000002
            ],
            [
              72.83905000000001,
              21.174400000000002
            ],
            [
              72.83905000000001,
              21.174550000000004
            ],
            [
              72.83890000000001,
              21.174550000000004
            ],
            [
              72.83890000000001,
              21.174400000000002
            ]
          ]
        ]
      },
      "properties": {
        "BuildingId": "OB_SUR_00128",
        "RoofAreaSquareMeters": 447.0,
        "BuildingHeightMeters": 3.0,
        "Storeys": 1,
        "Confidence": 0.81
      }
    },
    {
      "type": "Feature",
      "geometry": {
        "type": "Polygon",
        "coordinates": [
          [
            [
              72.84400000000001,
              21.1783
            ],
            [
              72.84415000000001,
              21.1783
            ],
            [
              72.84415000000001,
              21.17845
            ],
            [
              72.84400000000001,
              21.17845
            ],
            [
              72.84400000000001,
              21.1783
            ]
          ]
        ]
      },
      "properties": {
        "BuildingId": "OB_SUR_00129",
        "RoofAreaSquareMeters": 476.0,
        "BuildingHeightMeters": 10.0,
        "Storeys": 3,
        "Confidence": 0.84
      }
    },
    {
      "type": "Feature",
      "geometry": {
        "type": "Polygon",
        "coordinates": [
          [
            [
              72.8191,
              21.1822
            ],
            [
              72.81925000000001,
              21.1822
            ],
            [
              72.81925000000001,
              21.182350000000003
            ],
            [
              72.8191,
              21.182350000000003
            ],
            [
              72.8191,
              21.1822
            ]
          ]
        ]
      },
      "properties": {
        "BuildingId": "OB_SUR_00130",
        "RoofAreaSquareMeters": 505.0,
        "BuildingHeightMeters": 17.0,
        "Storeys": 5,
        "Confidence": 0.87
      }
    },
    {
      "type": "Feature",
      "geometry": {
        "type": "Polygon",
        "coordinates": [
          [
            [
              72.8242,
              21.156100000000002
            ],
            [
              72.82435000000001,
              21.156100000000002
            ],
            [
              72.82435000000001,
              21.156250000000004
            ],
            [
              72.8242,
              21.156250000000004
            ],
            [
              72.8242,
              21.156100000000002
            ]
          ]
        ]
      },
      "properties": {
        "BuildingId": "OB_SUR_00131",
        "RoofAreaSquareMeters": 534.0,
        "BuildingHeightMeters": 8.0,
        "Storeys": 2,
        "Confidence": 0.9
      }
    },
    {
      "type": "Feature",
      "geometry": {
        "type": "Polygon",
        "coordinates": [
          [
            [
              72.8293,
              21.16
            ],
            [
              72.82945000000001,
              21.16
            ],
            [
              72.82945000000001,
              21.16015
            ],
            [
              72.8293,
              21.16015
            ],
            [
              72.8293,
              21.16
            ]
          ]
        ]
      },
      "properties": {
        "BuildingId": "OB_SUR_00132",
        "RoofAreaSquareMeters": 563.0,
        "BuildingHeightMeters": 15.0,
        "Storeys": 4,
        "Confidence": 0.93
      }
    },
    {
      "type": "Feature",
      "geometry": {
        "type": "Polygon",
        "coordinates": [
          [
            [
              72.8344,
              21.1639
            ],
            [
              72.83455000000001,
              21.1639
            ],
            [
              72.83455000000001,
              21.164050000000003
            ],
            [
              72.8344,
              21.164050000000003
            ],
            [
              72.8344,
              21.1639
            ]
          ]
        ]
      },
      "properties": {
        "BuildingId": "OB_SUR_00133",
        "RoofAreaSquareMeters": 42.0,
        "BuildingHeightMeters": 6.0,
        "Storeys": 1,
        "Confidence": 0.96
      }
    },
    {
      "type": "Feature",
      "geometry": {
        "type": "Polygon",
        "coordinates": [
          [
            [
              72.8395,
              21.1678
            ],
            [
              72.83965,
              21.1678
            ],
            [
              72.83965,
              21.16795
            ],
            [
              72.8395,
              21.16795
            ],
            [
              72.8395,
              21.1678
            ]
          ]
        ]
      },
      "properties": {
        "BuildingId": "OB_SUR_00134",
        "RoofAreaSquareMeters": 71.0,
        "BuildingHeightMeters": 13.0,
        "Storeys": 4,
        "Confidence": 0.74
      }
    },
    {
      "type": "Feature",
      "geometry": {
        "type": "Polygon",
        "coordinates": [
          [
            [
              72.8446,
              21.1717
            ],
            [
              72.84475,
              21.1717
            ],
            [
              72.84475,
              21.171850000000003
            ],
            [
              72.8446,
              21.171850000000003
            ],
            [
              72.8446,
              21.1717
            ]
          ]
        ]
      },
      "properties": {
        "BuildingId": "OB_SUR_00135",
        "RoofAreaSquareMeters": 100.0,
        "BuildingHeightMeters": 4.0,
        "Storeys": 1,
        "Confidence": 0.77
      }
    },
    {
      "type": "Feature",
      "geometry": {
        "type": "Polygon",
        "coordinates": [
          [
            [
              72.81970000000001,
              21.175600000000003
            ],
            [
              72.81985000000002,
              21.175600000000003
            ],
            [
              72.81985000000002,
              21.175750000000004
            ],
            [
              72.81970000000001,
              21.175750000000004
            ],
            [
              72.81970000000001,
              21.175600000000003
            ]
          ]
        ]
      },
      "properties": {
        "BuildingId": "OB_SUR_00136",
        "RoofAreaSquareMeters": 129.0,
        "BuildingHeightMeters": 11.0,
        "Storeys": 3,
        "Confidence": 0.8
      }
    },
    {
      "type": "Feature",
      "geometry": {
        "type": "Polygon",
        "coordinates": [
          [
            [
              72.82480000000001,
              21.1795
            ],
            [
              72.82495000000002,
              21.1795
            ],
            [
              72.82495000000002,
              21.179650000000002
            ],
            [
              72.82480000000001,
              21.179650000000002
            ],
            [
              72.82480000000001,
              21.1795
            ]
          ]
        ]
      },
      "properties": {
        "BuildingId": "OB_SUR_00137",
        "RoofAreaSquareMeters": 158.0,
        "BuildingHeightMeters": 18.0,
        "Storeys": 5,
        "Confidence": 0.83
      }
    },
    {
      "type": "Feature",
      "geometry": {
        "type": "Polygon",
        "coordinates": [
          [
            [
              72.82990000000001,
              21.183400000000002
            ],
            [
              72.83005000000001,
              21.183400000000002
            ],
            [
              72.83005000000001,
              21.183550000000004
            ],
            [
              72.82990000000001,
              21.183550000000004
            ],
            [
              72.82990000000001,
              21.183400000000002
            ]
          ]
        ]
      },
      "properties": {
        "BuildingId": "OB_SUR_00138",
        "RoofAreaSquareMeters": 187.0,
        "BuildingHeightMeters": 9.0,
        "Storeys": 2,
        "Confidence": 0.86
      }
    },
    {
      "type": "Feature",
      "geometry": {
        "type": "Polygon",
        "coordinates": [
          [
            [
              72.83500000000001,
              21.157300000000003
            ],
            [
              72.83515000000001,
              21.157300000000003
            ],
            [
              72.83515000000001,
              21.157450000000004
            ],
            [
              72.83500000000001,
              21.157450000000004
            ],
            [
              72.83500000000001,
              21.157300000000003
            ]
          ]
        ]
      },
      "properties": {
        "BuildingId": "OB_SUR_00139",
        "RoofAreaSquareMeters": 216.0,
        "BuildingHeightMeters": 16.0,
        "Storeys": 4,
        "Confidence": 0.89
      }
    },
    {
      "type": "Feature",
      "geometry": {
        "type": "Polygon",
        "coordinates": [
          [
            [
              72.8401,
              21.1612
            ],
            [
              72.84025000000001,
              21.1612
            ],
            [
              72.84025000000001,
              21.161350000000002
            ],
            [
              72.8401,
              21.161350000000002
            ],
            [
              72.8401,
              21.1612
            ]
          ]
        ]
      },
      "properties": {
        "BuildingId": "OB_SUR_00140",
        "RoofAreaSquareMeters": 245.0,
        "BuildingHeightMeters": 7.0,
        "Storeys": 2,
        "Confidence": 0.92
      }
    },
    {
      "type": "Feature",
      "geometry": {
        "type": "Polygon",
        "coordinates": [
          [
            [
              72.8452,
              21.165100000000002
            ],
            [
              72.84535000000001,
              21.165100000000002
            ],
            [
              72.84535000000001,
              21.165250000000004
            ],
            [
              72.8452,
              21.165250000000004
            ],
            [
              72.8452,
              21.165100000000002
            ]
          ]
        ]
      },
      "properties": {
        "BuildingId": "OB_SUR_00141",
        "RoofAreaSquareMeters": 274.0,
        "BuildingHeightMeters": 14.0,
        "Storeys": 4,
        "Confidence": 0.95
      }
    },
    {
      "type": "Feature",
      "geometry": {
        "type": "Polygon",
        "coordinates": [
          [
            [
              72.8203,
              21.169
            ],
            [
              72.82045000000001,
              21.169
            ],
            [
              72.82045000000001,
              21.169150000000002
            ],
            [
              72.8203,
              21.169150000000002
            ],
            [
              72.8203,
              21.169
            ]
          ]
        ]
      },
      "properties": {
        "BuildingId": "OB_SUR_00142",
        "RoofAreaSquareMeters": 303.0,
        "BuildingHeightMeters": 5.0,
        "Storeys": 1,
        "Confidence": 0.73
      }
    },
    {
      "type": "Feature",
      "geometry": {
        "type": "Polygon",
        "coordinates": [
          [
            [
              72.8254,
              21.172900000000002
            ],
            [
              72.82555,
              21.172900000000002
            ],
            [
              72.82555,
              21.173050000000003
            ],
            [
              72.8254,
              21.173050000000003
            ],
            [
              72.8254,
              21.172900000000002
            ]
          ]
        ]
      },
      "properties": {
        "BuildingId": "OB_SUR_00143",
        "RoofAreaSquareMeters": 332.0,
        "BuildingHeightMeters": 12.0,
        "Storeys": 3,
        "Confidence": 0.76
      }
    },
    {
      "type": "Feature",
      "geometry": {
        "type": "Polygon",
        "coordinates": [
          [
            [
              72.8305,
              21.1768
            ],
            [
              72.83065,
              21.1768
            ],
            [
              72.83065,
              21.17695
            ],
            [
              72.8305,
              21.17695
            ],
            [
              72.8305,
              21.1768
            ]
          ]
        ]
      },
      "properties": {
        "BuildingId": "OB_SUR_00144",
        "RoofAreaSquareMeters": 361.0,
        "BuildingHeightMeters": 3.0,
        "Storeys": 1,
        "Confidence": 0.79
      }
    },
    {
      "type": "Feature",
      "geometry": {
        "type": "Polygon",
        "coordinates": [
          [
            [
              72.8356,
              21.1807
            ],
            [
              72.83575,
              21.1807
            ],
            [
              72.83575,
              21.180850000000003
            ],
            [
              72.8356,
              21.180850000000003
            ],
            [
              72.8356,
              21.1807
            ]
          ]
        ]
      },
      "properties": {
        "BuildingId": "OB_SUR_00145",
        "RoofAreaSquareMeters": 390.0,
        "BuildingHeightMeters": 10.0,
        "Storeys": 3,
        "Confidence": 0.82
      }
    },
    {
      "type": "Feature",
      "geometry": {
        "type": "Polygon",
        "coordinates": [
          [
            [
              72.84070000000001,
              21.1846
            ],
            [
              72.84085000000002,
              21.1846
            ],
            [
              72.84085000000002,
              21.18475
            ],
            [
              72.84070000000001,
              21.18475
            ],
            [
              72.84070000000001,
              21.1846
            ]
          ]
        ]
      },
      "properties": {
        "BuildingId": "OB_SUR_00146",
        "RoofAreaSquareMeters": 419.0,
        "BuildingHeightMeters": 17.0,
        "Storeys": 5,
        "Confidence": 0.85
      }
    },
    {
      "type": "Feature",
      "geometry": {
        "type": "Polygon",
        "coordinates": [
          [
            [
              72.84580000000001,
              21.1585
            ],
            [
              72.84595000000002,
              21.1585
            ],
            [
              72.84595000000002,
              21.15865
            ],
            [
              72.84580000000001,
              21.15865
            ],
            [
              72.84580000000001,
              21.1585
            ]
          ]
        ]
      },
      "properties": {
        "BuildingId": "OB_SUR_00147",
        "RoofAreaSquareMeters": 448.0,
        "BuildingHeightMeters": 8.0,
        "Storeys": 2,
        "Confidence": 0.88
      }
    },
    {
      "type": "Feature",
      "geometry": {
        "type": "Polygon",
        "coordinates": [
          [
            [
              72.82090000000001,
              21.1624
            ],
            [
              72.82105000000001,
              21.1624
            ],
            [
              72.82105000000001,
              21.162550000000003
            ],
            [
              72.82090000000001,
              21.162550000000003
            ],
            [
              72.82090000000001,
              21.1624
            ]
          ]
        ]
      },
      "properties": {
        "BuildingId": "OB_SUR_00148",
        "RoofAreaSquareMeters": 477.0,
        "BuildingHeightMeters": 15.0,
        "Storeys": 4,
        "Confidence": 0.91
      }
    },
    {
      "type": "Feature",
      "geometry": {
        "type": "Polygon",
        "coordinates": [
          [
            [
              72.82600000000001,
              21.1663
            ],
            [
              72.82615000000001,
              21.1663
            ],
            [
              72.82615000000001,
              21.16645
            ],
            [
              72.82600000000001,
              21.16645
            ],
            [
              72.82600000000001,
              21.1663
            ]
          ]
        ]
      },
      "properties": {
        "BuildingId": "OB_SUR_00149",
        "RoofAreaSquareMeters": 506.0,
        "BuildingHeightMeters": 6.0,
        "Storeys": 1,
        "Confidence": 0.94
      }
    },
    {
      "type": "Feature",
      "geometry": {
        "type": "Polygon",
        "coordinates": [
          [
            [
              72.8311,
              21.1702
            ],
            [
              72.83125000000001,
              21.1702
            ],
            [
              72.83125000000001,
              21.170350000000003
            ],
            [
              72.8311,
              21.170350000000003
            ],
            [
              72.8311,
              21.1702
            ]
          ]
        ]
      },
      "properties": {
        "BuildingId": "OB_SUR_00150",
        "RoofAreaSquareMeters": 535.0,
        "BuildingHeightMeters": 13.0,
        "Storeys": 4,
        "Confidence": 0.72
      }
    }
  ]
}